[
    {
        "id": "f00655d47217ebe6",
        "type": "tab",
        "label": "Flow 1",
        "disabled": false,
        "info": "",
        "env": []
    },
    {
        "id": "2b3141078228ee1a",
        "type": "mqtt out",
        "z": "f00655d47217ebe6",
        "name": "",
        "topic": "esp32/output",
        "qos": "",
        "retain": "",
        "respTopic": "",
        "contentType": "",
        "userProps": "",
        "correl": "",
        "expiry": "",
        "broker": "bbb40ed55d92681b",
        "x": 1090,
        "y": 1180,
        "wires": []
    },
    {
        "id": "304950a18bcee5d5",
        "type": "mqtt in",
        "z": "f00655d47217ebe6",
        "name": "",
        "topic": "EbeezTopic/TempInRuche_1",
        "qos": "2",
        "datatype": "auto-detect",
        "broker": "bbb40ed55d92681b",
        "nl": false,
        "rap": false,
        "inputs": 0,
        "x": 220,
        "y": 320,
        "wires": [
            [
                "057225a24393b1d9",
                "2f3a64ae18f9a307",
                "d1183157b7a9a921"
            ]
        ]
    },
    {
        "id": "057225a24393b1d9",
        "type": "debug",
        "z": "f00655d47217ebe6",
        "name": "",
        "active": true,
        "tosidebar": true,
        "console": true,
        "tostatus": false,
        "complete": "payload",
        "targetType": "msg",
        "statusVal": "",
        "statusType": "auto",
        "x": 480,
        "y": 280,
        "wires": []
    },
    {
        "id": "5048bed69c056018",
        "type": "mqtt in",
        "z": "f00655d47217ebe6",
        "name": "",
        "topic": "mytopic/test1",
        "qos": "2",
        "datatype": "auto-detect",
        "broker": "bbb40ed55d92681b",
        "nl": false,
        "rap": false,
        "inputs": 0,
        "x": 250,
        "y": 140,
        "wires": [
            [
                "8eb5366564244cac",
                "76f7e9a83c10b60a"
            ]
        ]
    },
    {
        "id": "8eb5366564244cac",
        "type": "debug",
        "z": "f00655d47217ebe6",
        "name": "",
        "active": true,
        "tosidebar": true,
        "console": true,
        "tostatus": false,
        "complete": "payload",
        "targetType": "msg",
        "statusVal": "",
        "statusType": "auto",
        "x": 460,
        "y": 100,
        "wires": []
    },
    {
        "id": "2f3a64ae18f9a307",
        "type": "ui_chart",
        "z": "f00655d47217ebe6",
        "name": "",
        "group": "6789de401144bbc8",
        "order": 2,
        "width": 18,
        "height": 4,
        "label": "Temperature interne",
        "chartType": "line",
        "legend": "false",
        "xformat": "HH:mm:ss",
        "interpolate": "linear",
        "nodata": "",
        "dot": false,
        "ymin": "",
        "ymax": "",
        "removeOlder": "24",
        "removeOlderPoints": "",
        "removeOlderUnit": "3600",
        "cutout": 0,
        "useOneColor": false,
        "useUTC": false,
        "colors": [
            "#1f77b4",
            "#aec7e8",
            "#ff8000",
            "#2ca02c",
            "#98df8a",
            "#d62728",
            "#ff9896",
            "#9467bd",
            "#c5b0d5"
        ],
        "outputs": 1,
        "useDifferentColor": false,
        "className": "",
        "x": 500,
        "y": 320,
        "wires": [
            []
        ]
    },
    {
        "id": "76f7e9a83c10b60a",
        "type": "ui_text",
        "z": "f00655d47217ebe6",
        "group": "6789de401144bbc8",
        "order": 1,
        "width": 0,
        "height": 0,
        "name": "",
        "label": "text",
        "format": "{{msg.payload}}",
        "layout": "row-left",
        "className": "",
        "x": 430,
        "y": 180,
        "wires": []
    },
    {
        "id": "7cd4ed7e0e5683a3",
        "type": "mqtt in",
        "z": "f00655d47217ebe6",
        "name": "",
        "topic": "EbeezTopic/TempOutRuche_1",
        "qos": "2",
        "datatype": "auto-detect",
        "broker": "bbb40ed55d92681b",
        "nl": false,
        "rap": false,
        "inputs": 0,
        "x": 220,
        "y": 460,
        "wires": [
            [
                "2a56d44df7b9aabc",
                "86273da0282b8b72",
                "1fcd8d8a8a452fc5"
            ]
        ]
    },
    {
        "id": "2a56d44df7b9aabc",
        "type": "debug",
        "z": "f00655d47217ebe6",
        "name": "",
        "active": true,
        "tosidebar": true,
        "console": true,
        "tostatus": false,
        "complete": "payload",
        "targetType": "msg",
        "statusVal": "",
        "statusType": "auto",
        "x": 480,
        "y": 420,
        "wires": []
    },
    {
        "id": "86273da0282b8b72",
        "type": "ui_chart",
        "z": "f00655d47217ebe6",
        "name": "",
        "group": "6789de401144bbc8",
        "order": 3,
        "width": 18,
        "height": 4,
        "label": "Temperature Externe",
        "chartType": "line",
        "legend": "false",
        "xformat": "HH:mm:ss",
        "interpolate": "linear",
        "nodata": "",
        "dot": false,
        "ymin": "-15",
        "ymax": "50",
        "removeOlder": "24",
        "removeOlderPoints": "",
        "removeOlderUnit": "3600",
        "cutout": 0,
        "useOneColor": false,
        "useUTC": false,
        "colors": [
            "#1f77b4",
            "#aec7e8",
            "#ff8000",
            "#2ca02c",
            "#98df8a",
            "#d62728",
            "#ff9896",
            "#9467bd",
            "#c5b0d5"
        ],
        "outputs": 1,
        "useDifferentColor": false,
        "className": "",
        "x": 500,
        "y": 460,
        "wires": [
            []
        ]
    },
    {
        "id": "1fcd8d8a8a452fc5",
        "type": "ui_gauge",
        "z": "f00655d47217ebe6",
        "name": "",
        "group": "61285987.c20328",
        "order": 2,
        "width": 4,
        "height": 4,
        "gtype": "gage",
        "title": "Temperature Externe",
        "label": "°C",
        "format": "{{value}}",
        "min": "-15",
        "max": "50",
        "colors": [
            "#0080ff",
            "#00ff00",
            "#ca3838"
        ],
        "seg1": "",
        "seg2": "",
        "diff": false,
        "className": "",
        "x": 500,
        "y": 500,
        "wires": []
    },
    {
        "id": "70ed95d608ce8855",
        "type": "mqtt in",
        "z": "f00655d47217ebe6",
        "name": "",
        "topic": "EbeezTopic/HumOutRuche_1",
        "qos": "2",
        "datatype": "auto-detect",
        "broker": "bbb40ed55d92681b",
        "nl": false,
        "rap": false,
        "inputs": 0,
        "x": 220,
        "y": 740,
        "wires": [
            [
                "d1f5f10175b64a81",
                "74ec34ff6eb89970",
                "8ab4d56f3b63f9d7"
            ]
        ]
    },
    {
        "id": "d1f5f10175b64a81",
        "type": "debug",
        "z": "f00655d47217ebe6",
        "name": "",
        "active": true,
        "tosidebar": true,
        "console": true,
        "tostatus": false,
        "complete": "payload",
        "targetType": "msg",
        "statusVal": "",
        "statusType": "auto",
        "x": 480,
        "y": 700,
        "wires": []
    },
    {
        "id": "74ec34ff6eb89970",
        "type": "ui_chart",
        "z": "f00655d47217ebe6",
        "name": "",
        "group": "6789de401144bbc8",
        "order": 4,
        "width": 18,
        "height": 4,
        "label": "Humiditée",
        "chartType": "line",
        "legend": "false",
        "xformat": "HH:mm:ss",
        "interpolate": "linear",
        "nodata": "",
        "dot": false,
        "ymin": "0",
        "ymax": "100",
        "removeOlder": "24",
        "removeOlderPoints": "",
        "removeOlderUnit": "3600",
        "cutout": 0,
        "useOneColor": false,
        "useUTC": false,
        "colors": [
            "#1f77b4",
            "#aec7e8",
            "#ff8000",
            "#2ca02c",
            "#98df8a",
            "#d62728",
            "#ff9896",
            "#9467bd",
            "#c5b0d5"
        ],
        "outputs": 1,
        "useDifferentColor": false,
        "className": "",
        "x": 460,
        "y": 740,
        "wires": [
            []
        ]
    },
    {
        "id": "8ab4d56f3b63f9d7",
        "type": "ui_gauge",
        "z": "f00655d47217ebe6",
        "name": "",
        "group": "61285987.c20328",
        "order": 3,
        "width": 4,
        "height": 4,
        "gtype": "gage",
        "title": "Humiditée",
        "label": "Hy %",
        "format": "{{value}}",
        "min": "0",
        "max": "100",
        "colors": [
            "#ff8040",
            "#00ff00",
            "#ff8040"
        ],
        "seg1": "30",
        "seg2": "70",
        "diff": true,
        "className": "",
        "x": 460,
        "y": 780,
        "wires": []
    },
    {
        "id": "b4f2c065f324ba84",
        "type": "mqtt in",
        "z": "f00655d47217ebe6",
        "name": "",
        "topic": "EbeezTopic/PressureSensorRuche_1",
        "qos": "2",
        "datatype": "auto-detect",
        "broker": "bbb40ed55d92681b",
        "nl": false,
        "rap": false,
        "inputs": 0,
        "x": 190,
        "y": 600,
        "wires": [
            [
                "5372a3eee4196d33",
                "0921dc2db5e7d6be",
                "1cac6676321517a2"
            ]
        ]
    },
    {
        "id": "5372a3eee4196d33",
        "type": "debug",
        "z": "f00655d47217ebe6",
        "name": "",
        "active": true,
        "tosidebar": true,
        "console": true,
        "tostatus": false,
        "complete": "payload",
        "targetType": "msg",
        "statusVal": "",
        "statusType": "auto",
        "x": 480,
        "y": 560,
        "wires": []
    },
    {
        "id": "0921dc2db5e7d6be",
        "type": "ui_chart",
        "z": "f00655d47217ebe6",
        "name": "",
        "group": "6789de401144bbc8",
        "order": 5,
        "width": 18,
        "height": 4,
        "label": "Pression Atmosphérique",
        "chartType": "line",
        "legend": "false",
        "xformat": "HH:mm:ss",
        "interpolate": "linear",
        "nodata": "",
        "dot": false,
        "ymin": "800",
        "ymax": "1200",
        "removeOlder": "24",
        "removeOlderPoints": "",
        "removeOlderUnit": "3600",
        "cutout": 0,
        "useOneColor": false,
        "useUTC": false,
        "colors": [
            "#1f77b4",
            "#aec7e8",
            "#ff8000",
            "#2ca02c",
            "#98df8a",
            "#d62728",
            "#ff9896",
            "#9467bd",
            "#c5b0d5"
        ],
        "outputs": 1,
        "useDifferentColor": false,
        "className": "",
        "x": 510,
        "y": 600,
        "wires": [
            []
        ]
    },
    {
        "id": "1cac6676321517a2",
        "type": "ui_gauge",
        "z": "f00655d47217ebe6",
        "name": "",
        "group": "61285987.c20328",
        "order": 4,
        "width": 4,
        "height": 4,
        "gtype": "gage",
        "title": "Pression Atmosphérique",
        "label": "hPas",
        "format": "{{value}}",
        "min": "800",
        "max": "1200",
        "colors": [
            "#0080ff",
            "#00ff00",
            "#ca3838"
        ],
        "seg1": "",
        "seg2": "",
        "diff": false,
        "className": "",
        "x": 510,
        "y": 640,
        "wires": []
    },
    {
        "id": "f2a54e8c15e088e2",
        "type": "mqtt in",
        "z": "f00655d47217ebe6",
        "name": "",
        "topic": "EbeezTopic/WeightSensorRuche_1",
        "qos": "2",
        "datatype": "auto-detect",
        "broker": "bbb40ed55d92681b",
        "nl": false,
        "rap": false,
        "inputs": 0,
        "x": 200,
        "y": 880,
        "wires": [
            [
                "db3fb234ff31bede",
                "acecb5ba3842bcb4",
                "ca1d2712867e9113"
            ]
        ]
    },
    {
        "id": "db3fb234ff31bede",
        "type": "debug",
        "z": "f00655d47217ebe6",
        "name": "",
        "active": true,
        "tosidebar": true,
        "console": true,
        "tostatus": false,
        "complete": "payload",
        "targetType": "msg",
        "statusVal": "",
        "statusType": "auto",
        "x": 480,
        "y": 840,
        "wires": []
    },
    {
        "id": "acecb5ba3842bcb4",
        "type": "ui_chart",
        "z": "f00655d47217ebe6",
        "name": "",
        "group": "6789de401144bbc8",
        "order": 6,
        "width": 18,
        "height": 4,
        "label": "Poids",
        "chartType": "line",
        "legend": "false",
        "xformat": "HH:mm:ss",
        "interpolate": "linear",
        "nodata": "",
        "dot": false,
        "ymin": "0",
        "ymax": "100000",
        "removeOlder": "24",
        "removeOlderPoints": "",
        "removeOlderUnit": "3600",
        "cutout": 0,
        "useOneColor": false,
        "useUTC": false,
        "colors": [
            "#1f77b4",
            "#aec7e8",
            "#ff8000",
            "#2ca02c",
            "#98df8a",
            "#d62728",
            "#ff9896",
            "#9467bd",
            "#c5b0d5"
        ],
        "outputs": 1,
        "useDifferentColor": false,
        "className": "",
        "x": 450,
        "y": 880,
        "wires": [
            []
        ]
    },
    {
        "id": "ca1d2712867e9113",
        "type": "ui_gauge",
        "z": "f00655d47217ebe6",
        "name": "",
        "group": "61285987.c20328",
        "order": 5,
        "width": 4,
        "height": 4,
        "gtype": "gage",
        "title": "Poids",
        "label": "Gr",
        "format": "{{value}}",
        "min": "0",
        "max": "100000",
        "colors": [
            "#0080ff",
            "#00ff00",
            "#ca3838"
        ],
        "seg1": "",
        "seg2": "",
        "diff": false,
        "className": "",
        "x": 450,
        "y": 920,
        "wires": []
    },
    {
        "id": "55e1b0b27640fd09",
        "type": "mqtt in",
        "z": "f00655d47217ebe6",
        "name": "",
        "topic": "EbeezTopic/RSSI_Ruche_1",
        "qos": "2",
        "datatype": "auto-detect",
        "broker": "bbb40ed55d92681b",
        "nl": false,
        "rap": false,
        "inputs": 0,
        "x": 220,
        "y": 1020,
        "wires": [
            [
                "231c7a238574dcd7",
                "a84fb1c8a8e026f4",
                "451187a8a09698bf"
            ]
        ]
    },
    {
        "id": "231c7a238574dcd7",
        "type": "debug",
        "z": "f00655d47217ebe6",
        "name": "",
        "active": true,
        "tosidebar": true,
        "console": true,
        "tostatus": false,
        "complete": "payload",
        "targetType": "msg",
        "statusVal": "",
        "statusType": "auto",
        "x": 480,
        "y": 980,
        "wires": []
    },
    {
        "id": "a84fb1c8a8e026f4",
        "type": "ui_chart",
        "z": "f00655d47217ebe6",
        "name": "",
        "group": "6789de401144bbc8",
        "order": 12,
        "width": 18,
        "height": 4,
        "label": "Niveau RSSI",
        "chartType": "line",
        "legend": "false",
        "xformat": "HH:mm:ss",
        "interpolate": "linear",
        "nodata": "",
        "dot": false,
        "ymin": "-120",
        "ymax": "0",
        "removeOlder": "24",
        "removeOlderPoints": "",
        "removeOlderUnit": "3600",
        "cutout": 0,
        "useOneColor": false,
        "useUTC": false,
        "colors": [
            "#1f77b4",
            "#aec7e8",
            "#ff8000",
            "#2ca02c",
            "#98df8a",
            "#d62728",
            "#ff9896",
            "#9467bd",
            "#c5b0d5"
        ],
        "outputs": 1,
        "useDifferentColor": false,
        "className": "",
        "x": 470,
        "y": 1020,
        "wires": [
            []
        ]
    },
    {
        "id": "451187a8a09698bf",
        "type": "ui_gauge",
        "z": "f00655d47217ebe6",
        "name": "",
        "group": "61285987.c20328",
        "order": 11,
        "width": 4,
        "height": 4,
        "gtype": "gage",
        "title": "Niveau RSSI",
        "label": "db",
        "format": "{{value}}",
        "min": "-90",
        "max": "-10",
        "colors": [
            "#ff0000",
            "#ff8040",
            "#00ff00"
        ],
        "seg1": "-70",
        "seg2": "-50",
        "diff": false,
        "className": "",
        "x": 470,
        "y": 1060,
        "wires": []
    },
    {
        "id": "d1183157b7a9a921",
        "type": "ui_gauge",
        "z": "f00655d47217ebe6",
        "name": "",
        "group": "61285987.c20328",
        "order": 1,
        "width": 4,
        "height": 4,
        "gtype": "gage",
        "title": "Temperature interne",
        "label": "°C",
        "format": "{{value}}",
        "min": "-15",
        "max": "50",
        "colors": [
            "#0080ff",
            "#00ff00",
            "#ca3838"
        ],
        "seg1": "",
        "seg2": "",
        "diff": false,
        "className": "",
        "x": 500,
        "y": 360,
        "wires": []
    },
    {
        "id": "280b6bd5dbdffd8c",
        "type": "mqtt in",
        "z": "f00655d47217ebe6",
        "name": "",
        "topic": "EbeezTopic/PowerSupplyRuche_1",
        "qos": "2",
        "datatype": "auto-detect",
        "broker": "bbb40ed55d92681b",
        "nl": false,
        "rap": false,
        "inputs": 0,
        "x": 200,
        "y": 1160,
        "wires": [
            [
                "fab7d2a04787a44c",
                "23226ee5c2b105e3",
                "9ab520b8541a4670"
            ]
        ]
    },
    {
        "id": "fab7d2a04787a44c",
        "type": "debug",
        "z": "f00655d47217ebe6",
        "name": "",
        "active": true,
        "tosidebar": true,
        "console": true,
        "tostatus": false,
        "complete": "payload",
        "targetType": "msg",
        "statusVal": "",
        "statusType": "auto",
        "x": 480,
        "y": 1120,
        "wires": []
    },
    {
        "id": "23226ee5c2b105e3",
        "type": "ui_chart",
        "z": "f00655d47217ebe6",
        "name": "",
        "group": "6789de401144bbc8",
        "order": 7,
        "width": 18,
        "height": 4,
        "label": "Tension",
        "chartType": "line",
        "legend": "false",
        "xformat": "HH:mm:ss",
        "interpolate": "linear",
        "nodata": "",
        "dot": false,
        "ymin": "0",
        "ymax": "18",
        "removeOlder": "24",
        "removeOlderPoints": "",
        "removeOlderUnit": "3600",
        "cutout": 0,
        "useOneColor": false,
        "useUTC": false,
        "colors": [
            "#1f77b4",
            "#aec7e8",
            "#ff8000",
            "#2ca02c",
            "#98df8a",
            "#d62728",
            "#ff9896",
            "#9467bd",
            "#c5b0d5"
        ],
        "outputs": 1,
        "useDifferentColor": false,
        "className": "",
        "x": 460,
        "y": 1160,
        "wires": [
            []
        ]
    },
    {
        "id": "9ab520b8541a4670",
        "type": "ui_gauge",
        "z": "f00655d47217ebe6",
        "name": "",
        "group": "61285987.c20328",
        "order": 6,
        "width": 4,
        "height": 4,
        "gtype": "gage",
        "title": "Tension",
        "label": "Volts",
        "format": "{{value}}",
        "min": "0",
        "max": "18",
        "colors": [
            "#ff0000",
            "#00ff00",
            "#ff8040"
        ],
        "seg1": "5.1",
        "seg2": "8.4",
        "diff": false,
        "className": "",
        "x": 460,
        "y": 1200,
        "wires": []
    },
    {
        "id": "2d5ff895c7376ac1",
        "type": "mqtt in",
        "z": "f00655d47217ebe6",
        "name": "",
        "topic": "EbeezTopic/measWeight1_Ruche_1",
        "qos": "2",
        "datatype": "auto-detect",
        "broker": "bbb40ed55d92681b",
        "nl": false,
        "rap": false,
        "inputs": 0,
        "x": 200,
        "y": 1340,
        "wires": [
            [
                "5013ec59f522ced6",
                "5c1b5514580c153a",
                "57250d02aa61d6b4"
            ]
        ]
    },
    {
        "id": "5013ec59f522ced6",
        "type": "debug",
        "z": "f00655d47217ebe6",
        "name": "",
        "active": true,
        "tosidebar": true,
        "console": true,
        "tostatus": false,
        "complete": "payload",
        "targetType": "msg",
        "statusVal": "",
        "statusType": "auto",
        "x": 480,
        "y": 1300,
        "wires": []
    },
    {
        "id": "5c1b5514580c153a",
        "type": "ui_chart",
        "z": "f00655d47217ebe6",
        "name": "",
        "group": "6789de401144bbc8",
        "order": 8,
        "width": 18,
        "height": 4,
        "label": "Poids",
        "chartType": "line",
        "legend": "false",
        "xformat": "HH:mm:ss",
        "interpolate": "linear",
        "nodata": "",
        "dot": false,
        "ymin": "0",
        "ymax": "10000000",
        "removeOlder": "24",
        "removeOlderPoints": "",
        "removeOlderUnit": "3600",
        "cutout": 0,
        "useOneColor": false,
        "useUTC": false,
        "colors": [
            "#1f77b4",
            "#aec7e8",
            "#ff8000",
            "#2ca02c",
            "#98df8a",
            "#d62728",
            "#ff9896",
            "#9467bd",
            "#c5b0d5"
        ],
        "outputs": 1,
        "useDifferentColor": false,
        "className": "",
        "x": 450,
        "y": 1340,
        "wires": [
            []
        ]
    },
    {
        "id": "57250d02aa61d6b4",
        "type": "ui_gauge",
        "z": "f00655d47217ebe6",
        "name": "",
        "group": "61285987.c20328",
        "order": 7,
        "width": 4,
        "height": 4,
        "gtype": "gage",
        "title": "Poids Cpt1",
        "label": "Gr",
        "format": "{{value}}",
        "min": "0",
        "max": "10000000",
        "colors": [
            "#0080ff",
            "#00ff00",
            "#ca3838"
        ],
        "seg1": "",
        "seg2": "",
        "diff": false,
        "className": "",
        "x": 470,
        "y": 1380,
        "wires": []
    },
    {
        "id": "d263792efb7ddeee",
        "type": "mqtt in",
        "z": "f00655d47217ebe6",
        "name": "",
        "topic": "EbeezTopic/measWeight2_Ruche_1",
        "qos": "2",
        "datatype": "auto-detect",
        "broker": "bbb40ed55d92681b",
        "nl": false,
        "rap": false,
        "inputs": 0,
        "x": 200,
        "y": 1480,
        "wires": [
            [
                "6c96959fed091cb8",
                "c8f82251bf08bf69",
                "1ee09be993e1a16f"
            ]
        ]
    },
    {
        "id": "6c96959fed091cb8",
        "type": "debug",
        "z": "f00655d47217ebe6",
        "name": "",
        "active": true,
        "tosidebar": true,
        "console": true,
        "tostatus": false,
        "complete": "payload",
        "targetType": "msg",
        "statusVal": "",
        "statusType": "auto",
        "x": 480,
        "y": 1440,
        "wires": []
    },
    {
        "id": "c8f82251bf08bf69",
        "type": "ui_chart",
        "z": "f00655d47217ebe6",
        "name": "",
        "group": "6789de401144bbc8",
        "order": 9,
        "width": 18,
        "height": 4,
        "label": "Poids",
        "chartType": "line",
        "legend": "false",
        "xformat": "HH:mm:ss",
        "interpolate": "linear",
        "nodata": "",
        "dot": false,
        "ymin": "0",
        "ymax": "10000000",
        "removeOlder": "24",
        "removeOlderPoints": "",
        "removeOlderUnit": "3600",
        "cutout": 0,
        "useOneColor": false,
        "useUTC": false,
        "colors": [
            "#1f77b4",
            "#aec7e8",
            "#ff8000",
            "#2ca02c",
            "#98df8a",
            "#d62728",
            "#ff9896",
            "#9467bd",
            "#c5b0d5"
        ],
        "outputs": 1,
        "useDifferentColor": false,
        "className": "",
        "x": 450,
        "y": 1480,
        "wires": [
            []
        ]
    },
    {
        "id": "1ee09be993e1a16f",
        "type": "ui_gauge",
        "z": "f00655d47217ebe6",
        "name": "",
        "group": "61285987.c20328",
        "order": 8,
        "width": 4,
        "height": 4,
        "gtype": "gage",
        "title": "Poids Cpt2",
        "label": "Gr",
        "format": "{{value}}",
        "min": "0",
        "max": "10000000",
        "colors": [
            "#0080ff",
            "#00ff00",
            "#ca3838"
        ],
        "seg1": "",
        "seg2": "",
        "diff": false,
        "className": "",
        "x": 470,
        "y": 1520,
        "wires": []
    },
    {
        "id": "a161ccbfa1aef7b8",
        "type": "mqtt in",
        "z": "f00655d47217ebe6",
        "name": "",
        "topic": "EbeezTopic/measWeight3_Ruche_1",
        "qos": "2",
        "datatype": "auto-detect",
        "broker": "bbb40ed55d92681b",
        "nl": false,
        "rap": false,
        "inputs": 0,
        "x": 200,
        "y": 1620,
        "wires": [
            [
                "b702d224b5a5a7ae",
                "0968eac388376d5c",
                "56b8e4dc7e2f4b5c"
            ]
        ]
    },
    {
        "id": "b702d224b5a5a7ae",
        "type": "debug",
        "z": "f00655d47217ebe6",
        "name": "",
        "active": true,
        "tosidebar": true,
        "console": true,
        "tostatus": false,
        "complete": "payload",
        "targetType": "msg",
        "statusVal": "",
        "statusType": "auto",
        "x": 480,
        "y": 1580,
        "wires": []
    },
    {
        "id": "0968eac388376d5c",
        "type": "ui_chart",
        "z": "f00655d47217ebe6",
        "name": "",
        "group": "6789de401144bbc8",
        "order": 10,
        "width": 18,
        "height": 4,
        "label": "Poids",
        "chartType": "line",
        "legend": "false",
        "xformat": "HH:mm:ss",
        "interpolate": "linear",
        "nodata": "",
        "dot": false,
        "ymin": "0",
        "ymax": "10000000",
        "removeOlder": "24",
        "removeOlderPoints": "",
        "removeOlderUnit": "3600",
        "cutout": 0,
        "useOneColor": false,
        "useUTC": false,
        "colors": [
            "#1f77b4",
            "#aec7e8",
            "#ff8000",
            "#2ca02c",
            "#98df8a",
            "#d62728",
            "#ff9896",
            "#9467bd",
            "#c5b0d5"
        ],
        "outputs": 1,
        "useDifferentColor": false,
        "className": "",
        "x": 450,
        "y": 1620,
        "wires": [
            []
        ]
    },
    {
        "id": "56b8e4dc7e2f4b5c",
        "type": "ui_gauge",
        "z": "f00655d47217ebe6",
        "name": "",
        "group": "61285987.c20328",
        "order": 9,
        "width": 4,
        "height": 4,
        "gtype": "gage",
        "title": "Poids Cpt3",
        "label": "Gr",
        "format": "{{value}}",
        "min": "0",
        "max": "10000000",
        "colors": [
            "#0080ff",
            "#00ff00",
            "#ca3838"
        ],
        "seg1": "",
        "seg2": "",
        "diff": false,
        "className": "",
        "x": 470,
        "y": 1660,
        "wires": []
    },
    {
        "id": "2736639bfa78d36b",
        "type": "mqtt in",
        "z": "f00655d47217ebe6",
        "name": "",
        "topic": "EbeezTopic/measWeight4_Ruche_1",
        "qos": "2",
        "datatype": "auto-detect",
        "broker": "bbb40ed55d92681b",
        "nl": false,
        "rap": false,
        "inputs": 0,
        "x": 200,
        "y": 1760,
        "wires": [
            [
                "cffb82bdaebe4913",
                "3a8435e6eefbe4d2",
                "96ebc1860a698ff5"
            ]
        ]
    },
    {
        "id": "cffb82bdaebe4913",
        "type": "debug",
        "z": "f00655d47217ebe6",
        "name": "",
        "active": true,
        "tosidebar": true,
        "console": true,
        "tostatus": false,
        "complete": "payload",
        "targetType": "msg",
        "statusVal": "",
        "statusType": "auto",
        "x": 480,
        "y": 1720,
        "wires": []
    },
    {
        "id": "3a8435e6eefbe4d2",
        "type": "ui_chart",
        "z": "f00655d47217ebe6",
        "name": "",
        "group": "6789de401144bbc8",
        "order": 11,
        "width": 18,
        "height": 4,
        "label": "Poids",
        "chartType": "line",
        "legend": "false",
        "xformat": "HH:mm:ss",
        "interpolate": "linear",
        "nodata": "",
        "dot": false,
        "ymin": "0",
        "ymax": "10000000",
        "removeOlder": "24",
        "removeOlderPoints": "",
        "removeOlderUnit": "3600",
        "cutout": 0,
        "useOneColor": false,
        "useUTC": false,
        "colors": [
            "#1f77b4",
            "#aec7e8",
            "#ff8000",
            "#2ca02c",
            "#98df8a",
            "#d62728",
            "#ff9896",
            "#9467bd",
            "#c5b0d5"
        ],
        "outputs": 1,
        "useDifferentColor": false,
        "className": "",
        "x": 450,
        "y": 1760,
        "wires": [
            []
        ]
    },
    {
        "id": "96ebc1860a698ff5",
        "type": "ui_gauge",
        "z": "f00655d47217ebe6",
        "name": "",
        "group": "61285987.c20328",
        "order": 10,
        "width": 4,
        "height": 4,
        "gtype": "gage",
        "title": "Poids Cpt4",
        "label": "Gr",
        "format": "{{value}}",
        "min": "0",
        "max": "10000000",
        "colors": [
            "#0080ff",
            "#00ff00",
            "#ca3838"
        ],
        "seg1": "",
        "seg2": "",
        "diff": false,
        "className": "",
        "x": 470,
        "y": 1800,
        "wires": []
    },
    {
        "id": "0dd47fbaa3e24b53",
        "type": "ui_spacer",
        "z": "f00655d47217ebe6",
        "name": "spacer",
        "group": "ba85ae91236ba206",
        "order": 7,
        "width": "1",
        "height": "1"
    },
    {
        "id": "bbb40ed55d92681b",
        "type": "mqtt-broker",
        "name": "",
        "broker": "qmrs.ddns.net",
        "port": "1883",
        "clientid": "",
        "autoConnect": true,
        "usetls": false,
        "protocolVersion": "4",
        "keepalive": "60",
        "cleansession": true,
        "birthTopic": "",
        "birthQos": "0",
        "birthPayload": "",
        "birthMsg": {},
        "closeTopic": "",
        "closeQos": "0",
        "closePayload": "",
        "closeMsg": {},
        "willTopic": "",
        "willQos": "0",
        "willPayload": "",
        "willMsg": {},
        "userProps": "",
        "sessionExpiry": ""
    },
    {
        "id": "6789de401144bbc8",
        "type": "ui_group",
        "name": "Group 1",
        "tab": "e7c46d5e.a1283",
        "order": 2,
        "disp": true,
        "width": "18",
        "collapse": false,
        "className": ""
    },
    {
        "id": "61285987.c20328",
        "type": "ui_group",
        "name": "Main",
        "tab": "e7c46d5e.a1283",
        "order": 1,
        "disp": true,
        "width": "4",
        "collapse": false,
        "className": ""
    },
    {
        "id": "e7c46d5e.a1283",
        "type": "ui_tab",
        "name": "E-Bezz",
        "icon": "<i class=\"fa fa-address-book\" aria-hidden=\"true\"></i>",
        "disabled": false,
        "hidden": false
    }
]